Técnico;01/04/2026;02/04/2026;03/04/2026;04/04/2026;05/04/2026;06/04/2026;07/04/2026;08/04/2026;09/04/2026;10/04/2026;11/04/2026;12/04/2026;13/04/2026;14/04/2026;15/04/2026;16/04/2026;17/04/2026;18/04/2026;19/04/2026;20/04/2026;21/04/2026;22/04/2026;23/04/2026;24/04/2026;25/04/2026;26/04/2026;27/04/2026;28/04/2026;29/04/2026;30/04/2026
João Silva;AGENDA;AGENDA;AGENDA;FOLGA;FOLGA;AGENDA;AGENDA;AGENDA;AGENDA;AGENDA;FOLGA;FOLGA;AGENDA;AGENDA;AGENDA;AGENDA;FÉRIAS;FÉRIAS;FÉRIAS;FÉRIAS;FÉRIAS;AGENDA;AGENDA;AGENDA;FOLGA;FOLGA;AGENDA;AGENDA;AGENDA;AGENDA;AGENDA
Maria Santos;FOLGA;FOLGA;AGENDA;AGENDA;AGENDA;AGENDA;AGENDA;FOLGA;FOLGA;AGENDA;AGENDA;AGENDA;AGENDA;AGENDA;FOLGA;FOLGA;AGENDA;AGENDA;AGENDA;AGENDA;AGENDA;FOLGA;FOLGA;AGENDA;AGENDA;AGENDA;FÉRIAS;FÉRIAS;FÉRIAS;FÉRIAS;FÉRIAS
Pedro Oliveira;AGENDA;AGENDA;FOLGA;FOLGA;AGENDA;AGENDA;AGENDA;AGENDA;AGENDA;FOLGA;FOLGA;AGENDA;AGENDA;AGENDA;AGENDA;AGENDA;FOLGA;FOLGA;AGENDA;AGENDA;AGENDA;AGENDA;AGENDA;FOLGA;FOLGA;AGENDA;AGENDA;AGENDA;AGENDA;AGENDA;FOLGA
